"DateTime";"Active market wallets";"Average USD"
"2017-06-23 00:00:00";8;53,7
"2017-06-24 00:00:00";17;59,09
"2017-06-25 00:00:00";10;39,81
"2017-06-26 00:00:00";14;30,33
"2017-06-27 00:00:00";22;63,42
"2017-06-28 00:00:00";11;83,15
"2017-06-29 00:00:00";20;57,52
"2017-06-30 00:00:00";13;81,34
"2017-07-01 00:00:00";13;314,08
"2017-07-02 00:00:00";21;94,34
"2017-07-03 00:00:00";24;142,15
"2017-07-04 00:00:00";28;232,86
"2017-07-05 00:00:00";12;102,24
"2017-07-06 00:00:00";15;305,31
"2017-07-07 00:00:00";19;191,42
"2017-07-08 00:00:00";18;107,6
"2017-07-09 00:00:00";16;80,76
"2017-07-10 00:00:00";22;288,83
"2017-07-11 00:00:00";20;132,78
"2017-07-12 00:00:00";17;104,63
"2017-07-13 00:00:00";24;171
"2017-07-14 00:00:00";6;64,06
"2017-07-15 00:00:00";7;109,94
"2017-07-16 00:00:00";4;106,4
"2017-07-17 00:00:00";7;290,44
"2017-07-18 00:00:00";17;97,39
"2017-07-19 00:00:00";12;110,86
"2017-07-20 00:00:00";10;112,03
"2017-07-21 00:00:00";12;101,67
"2017-07-22 00:00:00";13;80,37
"2017-07-23 00:00:00";9;70,28
"2017-07-24 00:00:00";18;75,12
"2017-07-25 00:00:00";12;221,18
"2017-07-26 00:00:00";7;62,9
"2017-07-27 00:00:00";4;55,88
"2017-07-28 00:00:00";8;74,8
"2017-07-29 00:00:00";7;125,85
"2017-07-30 00:00:00";10;92,44
"2017-07-31 00:00:00";4;106,73
"2017-08-01 00:00:00";4;54,5
"2017-08-02 00:00:00";2;525,74
"2017-08-03 00:00:00";16;219,04
"2017-08-04 00:00:00";0;0
"2017-08-05 00:00:00";2;759,47
"2017-08-06 00:00:00";0;0
"2017-08-07 00:00:00";2;76,52
"2017-08-08 00:00:00";8;199,52
"2017-08-09 00:00:00";4;89,12
"2017-08-10 00:00:00";4;90,52
"2017-08-11 00:00:00";10;82,42
"2017-08-12 00:00:00";9;61,09
"2017-08-13 00:00:00";8;115,04
"2017-08-14 00:00:00";6;167,96
"2017-08-15 00:00:00";5;65,22
"2017-08-16 00:00:00";3;105,01
"2017-08-17 00:00:00";2;75,14
"2017-08-18 00:00:00";2;88,83
"2017-08-19 00:00:00";2;118,65
"2017-08-20 00:00:00";2;162,34
"2017-08-21 00:00:00";9;99,08
"2017-08-22 00:00:00";2;87,41
"2017-08-23 00:00:00";4;77,61
"2017-08-24 00:00:00";0;0
"2017-08-25 00:00:00";6;85,55
"2017-08-26 00:00:00";2;98,96
"2017-08-27 00:00:00";0;0
"2017-08-28 00:00:00";10;127,32
"2017-08-29 00:00:00";2;91,7
"2017-08-30 00:00:00";4;87,15
"2017-08-31 00:00:00";2;103,39
"2017-09-01 00:00:00";5;101,22
"2017-09-02 00:00:00";4;23,09
"2017-09-03 00:00:00";0;0
"2017-09-04 00:00:00";4;104,9
"2017-09-05 00:00:00";0;0
"2017-09-06 00:00:00";0;0
"2017-09-07 00:00:00";0;0
"2017-09-08 00:00:00";2;76,12
"2017-09-09 00:00:00";0;0
"2017-09-10 00:00:00";3;67,34
"2017-09-11 00:00:00";4;69,67
"2017-09-12 00:00:00";2;40,68
"2017-09-13 00:00:00";0;0
"2017-09-14 00:00:00";0;0
"2017-09-15 00:00:00";0;0
"2017-09-16 00:00:00";2;70,99
"2017-09-17 00:00:00";3;66,86
"2017-09-18 00:00:00";2;63,35
"2017-09-19 00:00:00";5;94,65
"2017-09-20 00:00:00";5;124,25
"2017-09-21 00:00:00";8;52,14
"2017-09-22 00:00:00";2;71,14
"2017-09-23 00:00:00";4;60,89
"2017-09-24 00:00:00";2;56,14
"2017-09-25 00:00:00";0;0
"2017-09-26 00:00:00";0;0
"2017-09-27 00:00:00";6;105,75
"2017-09-28 00:00:00";2;36,2
"2017-09-29 00:00:00";9;44,91
"2017-09-30 00:00:00";6;16,05
"2017-10-01 00:00:00";2;449,51
"2017-10-02 00:00:00";0;0
"2017-10-03 00:00:00";0;0
"2017-10-04 00:00:00";2;58,61
"2017-10-05 00:00:00";0;0
"2017-10-06 00:00:00";0;0
"2017-10-07 00:00:00";0;0
"2017-10-08 00:00:00";2;93,04
"2017-10-09 00:00:00";2;26,63
"2017-10-10 00:00:00";0;0
"2017-10-11 00:00:00";2;66,71
"2017-10-12 00:00:00";2;39,26
"2017-10-13 00:00:00";8;88,71
"2017-10-14 00:00:00";3;63,71
"2017-10-15 00:00:00";4;59,25
"2017-10-16 00:00:00";3;89,63
"2017-10-17 00:00:00";0;0
"2017-10-18 00:00:00";0;0
"2017-10-19 00:00:00";2;27,76
"2017-10-20 00:00:00";2;96,75
"2017-10-21 00:00:00";2;78,18
"2017-10-22 00:00:00";0;0
"2017-10-23 00:00:00";0;0
"2017-10-24 00:00:00";0;0
"2017-10-25 00:00:00";2;44,77
"2017-10-26 00:00:00";5;38,42
"2017-10-27 00:00:00";3;29,79
"2017-10-28 00:00:00";3;29,65
"2017-10-29 00:00:00";2;21,26
"2017-10-30 00:00:00";6;72,48
"2017-10-31 00:00:00";5;36,93
"2017-11-01 00:00:00";3;27,77
"2017-11-02 00:00:00";4;37,32
"2017-11-03 00:00:00";0;0
"2017-11-04 00:00:00";4;29
"2017-11-05 00:00:00";0;0
"2017-11-06 00:00:00";0;0
"2017-11-07 00:00:00";2;265,71
"2017-11-08 00:00:00";0;0
"2017-11-09 00:00:00";2;74,14
"2017-11-10 00:00:00";0;0
"2017-11-11 00:00:00";0;0
"2017-11-12 00:00:00";2;91,11
"2017-11-13 00:00:00";4;31,53
"2017-11-14 00:00:00";2;67,79
"2017-11-15 00:00:00";4;68,53
"2017-11-16 00:00:00";0;0
"2017-11-17 00:00:00";0;0
"2017-11-18 00:00:00";0;0
"2017-11-19 00:00:00";2;35,34
"2017-11-20 00:00:00";4;36,58
"2017-11-21 00:00:00";29;2,65
"2017-11-22 00:00:00";23;17,56
"2017-11-23 00:00:00";83;2,88
"2017-11-24 00:00:00";145;1,79
"2017-11-25 00:00:00";129;0,97
"2017-11-26 00:00:00";104;1,65
"2017-11-27 00:00:00";115;2,03
"2017-11-28 00:00:00";255;2,91
"2017-11-29 00:00:00";608;5,7
"2017-11-30 00:00:00";760;2,81
"2017-12-01 00:00:00";991;4,58
"2017-12-02 00:00:00";1550;21,14
"2017-12-03 00:00:00";4080;39,67
"2017-12-04 00:00:00";6950;68,88
"2017-12-05 00:00:00";9735;56,1
"2017-12-06 00:00:00";8741;58,98
"2017-12-07 00:00:00";9729;46,69
"2017-12-08 00:00:00";11966;47,1
"2017-12-09 00:00:00";12705;35,84
"2017-12-10 00:00:00";12778;26,22
"2017-12-11 00:00:00";12063;23,83
"2017-12-12 00:00:00";10529;21,53
"2017-12-13 00:00:00";9606;20,98
"2017-12-14 00:00:00";8680;19,26
"2017-12-15 00:00:00";6782;19,19
"2017-12-16 00:00:00";6201;21,65
"2017-12-17 00:00:00";5251;21,73
"2017-12-18 00:00:00";5264;17,75
"2017-12-19 00:00:00";4315;18,67
"2017-12-20 00:00:00";6604;16,38
"2017-12-21 00:00:00";4647;19,09
"2017-12-22 00:00:00";3590;15,74
"2017-12-23 00:00:00";3442;13,37
"2017-12-24 00:00:00";2839;12,24
"2017-12-25 00:00:00";2615;14,29
"2017-12-26 00:00:00";2333;16,73
"2017-12-27 00:00:00";2578;13,2
"2017-12-28 00:00:00";2424;12,09
"2017-12-29 00:00:00";2256;13,56
"2017-12-30 00:00:00";2111;12,36
"2017-12-31 00:00:00";1932;14,84
"2018-01-01 00:00:00";1889;15,33
"2018-01-02 00:00:00";2056;15,94
"2018-01-03 00:00:00";1601;15,34
"2018-01-04 00:00:00";1172;22,87
"2018-01-05 00:00:00";1188;20,88
"2018-01-06 00:00:00";1455;29,33
"2018-01-07 00:00:00";1496;20,23
"2018-01-08 00:00:00";1249;23,08
"2018-01-09 00:00:00";1018;31,53
"2018-01-10 00:00:00";814;39,22
"2018-01-11 00:00:00";1059;25,55
"2018-01-12 00:00:00";1209;25,09
"2018-01-13 00:00:00";1069;24,89
"2018-01-14 00:00:00";1036;29,12
"2018-01-15 00:00:00";878;27,34
"2018-01-16 00:00:00";882;27,39
"2018-01-17 00:00:00";865;20,09
"2018-01-18 00:00:00";1007;19,14
"2018-01-19 00:00:00";1016;23,99
"2018-01-20 00:00:00";913;49,37
"2018-01-21 00:00:00";937;20,87
"2018-01-22 00:00:00";1051;12,84
"2018-01-23 00:00:00";1036;14,08
"2018-01-24 00:00:00";865;17,63
"2018-01-25 00:00:00";837;17,43
"2018-01-26 00:00:00";859;20,03
"2018-01-27 00:00:00";886;17,44
"2018-01-28 00:00:00";803;27,62
"2018-01-29 00:00:00";843;19,85
"2018-01-30 00:00:00";797;19,14
"2018-01-31 00:00:00";863;29,87
"2018-02-01 00:00:00";676;16,43
"2018-02-02 00:00:00";718;20,21
"2018-02-03 00:00:00";662;15,61
"2018-02-04 00:00:00";624;15,34
"2018-02-05 00:00:00";706;12,86
"2018-02-06 00:00:00";822;10,7
"2018-02-07 00:00:00";879;12,35
"2018-02-08 00:00:00";846;12,36
"2018-02-09 00:00:00";850;17,09
"2018-02-10 00:00:00";796;32,1
"2018-02-11 00:00:00";928;19,13
"2018-02-12 00:00:00";880;17,77
"2018-02-13 00:00:00";978;25,9
"2018-02-14 00:00:00";1519;67,91
"2018-02-15 00:00:00";1418;120,05
"2018-02-16 00:00:00";1174;31,41
"2018-02-17 00:00:00";1013;37,56
"2018-02-18 00:00:00";1055;39,3
"2018-02-19 00:00:00";1017;39,31
"2018-02-20 00:00:00";967;59,09
"2018-02-21 00:00:00";942;22,86
"2018-02-22 00:00:00";912;20,44
"2018-02-23 00:00:00";928;28,13
"2018-02-24 00:00:00";1054;20,1
"2018-02-25 00:00:00";872;13,3
"2018-02-26 00:00:00";890;19,55
"2018-02-27 00:00:00";1131;19,6
"2018-02-28 00:00:00";939;16,06
"2018-03-01 00:00:00";858;15,4
"2018-03-02 00:00:00";800;17,84
"2018-03-03 00:00:00";734;19,05
"2018-03-04 00:00:00";911;42,2
"2018-03-05 00:00:00";823;30,83
"2018-03-06 00:00:00";882;31,79
"2018-03-07 00:00:00";1087;35,15
"2018-03-08 00:00:00";1054;15,06
"2018-03-09 00:00:00";998;15,18
"2018-03-10 00:00:00";774;10,6
"2018-03-11 00:00:00";803;14,89
"2018-03-12 00:00:00";1264;14,41
"2018-03-13 00:00:00";769;16,94
"2018-03-14 00:00:00";794;12,77
"2018-03-15 00:00:00";732;10,27
"2018-03-16 00:00:00";710;15,02
"2018-03-17 00:00:00";688;13,53
"2018-03-18 00:00:00";679;14,11
"2018-03-19 00:00:00";867;16,84
"2018-03-20 00:00:00";930;71,14
"2018-03-21 00:00:00";1027;77,68
"2018-03-22 00:00:00";1014;41,5
"2018-03-23 00:00:00";1069;94,2
"2018-03-24 00:00:00";940;37,56
"2018-03-25 00:00:00";848;18,14
"2018-03-26 00:00:00";853;31,95
"2018-03-27 00:00:00";932;31,14
"2018-03-28 00:00:00";849;53,17
"2018-03-29 00:00:00";831;23,7
"2018-03-30 00:00:00";866;37,71
"2018-03-31 00:00:00";856;25,93
"2018-04-01 00:00:00";800;26,31
"2018-04-02 00:00:00";858;19,6
"2018-04-03 00:00:00";850;24,25
"2018-04-04 00:00:00";794;17,1
"2018-04-05 00:00:00";825;23,21
"2018-04-06 00:00:00";948;18,08
"2018-04-07 00:00:00";852;15,5
"2018-04-08 00:00:00";892;9,49
"2018-04-09 00:00:00";865;9,19
"2018-04-10 00:00:00";781;16,26
"2018-04-11 00:00:00";839;20,59
"2018-04-12 00:00:00";795;14,91
"2018-04-13 00:00:00";873;15,04
"2018-04-14 00:00:00";811;17,63
"2018-04-15 00:00:00";759;23,29
"2018-04-16 00:00:00";831;16,3
"2018-04-17 00:00:00";775;16,71
"2018-04-18 00:00:00";705;16,13
"2018-04-19 00:00:00";728;15,57
"2018-04-20 00:00:00";717;12,33
"2018-04-21 00:00:00";690;17,98
"2018-04-22 00:00:00";637;27,83
"2018-04-23 00:00:00";766;85,44
"2018-04-24 00:00:00";728;37,38
"2018-04-25 00:00:00";672;41,43
"2018-04-26 00:00:00";625;34,22
"2018-04-27 00:00:00";696;18,23
"2018-04-28 00:00:00";612;11,69
"2018-04-29 00:00:00";658;10,18
"2018-04-30 00:00:00";703;33,14
"2018-05-01 00:00:00";679;31,95
"2018-05-02 00:00:00";604;47,03
"2018-05-03 00:00:00";561;41,07
"2018-05-04 00:00:00";653;30,49
"2018-05-05 00:00:00";578;25,39
"2018-05-06 00:00:00";661;21,95
"2018-05-07 00:00:00";661;21,52
"2018-05-08 00:00:00";736;21,74
"2018-05-09 00:00:00";596;24,14
"2018-05-10 00:00:00";593;26,36
"2018-05-11 00:00:00";543;29,23
"2018-05-12 00:00:00";555;17,04
"2018-05-13 00:00:00";542;24,96
"2018-05-14 00:00:00";479;20,6
"2018-05-15 00:00:00";528;16,16
"2018-05-16 00:00:00";634;17,99
"2018-05-17 00:00:00";552;13,5
"2018-05-18 00:00:00";501;15,45
"2018-05-19 00:00:00";515;12,36
"2018-05-20 00:00:00";545;20,25
"2018-05-21 00:00:00";533;17,29
"2018-05-22 00:00:00";528;16,83
"2018-05-23 00:00:00";472;16,79
"2018-05-24 00:00:00";758;14,33
"2018-05-25 00:00:00";838;23,1
"2018-05-26 00:00:00";748;18,15
"2018-05-27 00:00:00";752;14,51
"2018-05-28 00:00:00";626;23,7
"2018-05-29 00:00:00";643;12,61
"2018-05-30 00:00:00";705;13,49
"2018-05-31 00:00:00";672;13,42
"2018-06-01 00:00:00";708;12,05
"2018-06-02 00:00:00";606;16,68
"2018-06-03 00:00:00";570;25,52
"2018-06-04 00:00:00";587;23,14
"2018-06-05 00:00:00";556;22,73
"2018-06-06 00:00:00";612;27,35
"2018-06-07 00:00:00";584;29,7
"2018-06-08 00:00:00";579;33,4
"2018-06-09 00:00:00";540;13,14
"2018-06-10 00:00:00";520;19,87
"2018-06-11 00:00:00";630;12,9
"2018-06-12 00:00:00";662;13,21
"2018-06-13 00:00:00";684;23,49
"2018-06-14 00:00:00";539;24,35
"2018-06-15 00:00:00";615;9,63
"2018-06-16 00:00:00";502;12,23
"2018-06-17 00:00:00";602;25,4
"2018-06-18 00:00:00";715;37,53
"2018-06-19 00:00:00";705;36,51
"2018-06-20 00:00:00";646;24,34
"2018-06-21 00:00:00";732;24,22
"2018-06-22 00:00:00";717;11,65
"2018-06-23 00:00:00";590;16,75
"2018-06-24 00:00:00";564;18,41
"2018-06-25 00:00:00";567;18,2
"2018-06-26 00:00:00";584;17,68
"2018-06-27 00:00:00";658;16,03
"2018-06-28 00:00:00";626;16,14
"2018-06-29 00:00:00";722;18,8
"2018-06-30 00:00:00";546;15,4
"2018-07-01 00:00:00";380;15,24
"2018-07-02 00:00:00";267;26,07
"2018-07-03 00:00:00";278;50,72
"2018-07-04 00:00:00";295;139,07
"2018-07-05 00:00:00";366;35,34
"2018-07-06 00:00:00";297;13,58
"2018-07-07 00:00:00";272;14
"2018-07-08 00:00:00";441;12,63
"2018-07-09 00:00:00";519;13,29
"2018-07-10 00:00:00";480;15,72
"2018-07-11 00:00:00";612;16,79
"2018-07-12 00:00:00";566;15,06
"2018-07-13 00:00:00";581;12,48
"2018-07-14 00:00:00";315;11,96
"2018-07-15 00:00:00";419;23,27
"2018-07-16 00:00:00";546;25,93
"2018-07-17 00:00:00";623;22,51
"2018-07-18 00:00:00";553;26,23
"2018-07-19 00:00:00";560;16,99
"2018-07-20 00:00:00";620;15,57
"2018-07-21 00:00:00";541;13,59
"2018-07-22 00:00:00";566;25,23
"2018-07-23 00:00:00";629;19,79
"2018-07-24 00:00:00";654;28,25
"2018-07-25 00:00:00";603;17,15
"2018-07-26 00:00:00";707;13,14
"2018-07-27 00:00:00";725;101,67
"2018-07-28 00:00:00";586;295,09
"2018-07-29 00:00:00";563;14,01
"2018-07-30 00:00:00";588;96,75
"2018-07-31 00:00:00";594;46,54
"2018-08-01 00:00:00";578;13,48
"2018-08-02 00:00:00";730;100,24
"2018-08-03 00:00:00";658;26,59
"2018-08-04 00:00:00";662;27,1
"2018-08-05 00:00:00";644;32,78
"2018-08-06 00:00:00";666;27,95
"2018-08-07 00:00:00";617;38,34
"2018-08-08 00:00:00";406;23,28
"2018-08-09 00:00:00";431;23,99
"2018-08-10 00:00:00";493;14,63
"2018-08-11 00:00:00";535;11,22
"2018-08-12 00:00:00";592;10,7
"2018-08-13 00:00:00";730;13,19
"2018-08-14 00:00:00";794;24,09
"2018-08-15 00:00:00";810;19,6
"2018-08-16 00:00:00";824;14,13
"2018-08-17 00:00:00";808;11,43
"2018-08-18 00:00:00";893;14,85
"2018-08-19 00:00:00";757;10,95
"2018-08-20 00:00:00";792;13,72
"2018-08-21 00:00:00";863;23,03
"2018-08-22 00:00:00";696;19,86
"2018-08-23 00:00:00";816;23,9
"2018-08-24 00:00:00";905;17,88
"2018-08-25 00:00:00";826;32,56
"2018-08-26 00:00:00";757;13,06
"2018-08-27 00:00:00";808;12,73
"2018-08-28 00:00:00";887;18,89
"2018-08-29 00:00:00";860;13,81
"2018-08-30 00:00:00";936;8,09
"2018-08-31 00:00:00";902;7,78
"2018-09-01 00:00:00";922;8,34
"2018-09-02 00:00:00";894;9,35
"2018-09-03 00:00:00";866;10,33
"2018-09-04 00:00:00";902;45,41
"2018-09-05 00:00:00";972;16,93
"2018-09-06 00:00:00";1093;7,12
"2018-09-07 00:00:00";1083;9,52
"2018-09-08 00:00:00";999;16,15
"2018-09-09 00:00:00";1024;9,65
"2018-09-10 00:00:00";995;18,7
"2018-09-11 00:00:00";1024;7,44
"2018-09-12 00:00:00";1128;16,94
"2018-09-13 00:00:00";1078;37,06
"2018-09-14 00:00:00";992;31,37
"2018-09-15 00:00:00";898;27,52
"2018-09-16 00:00:00";904;54,56
"2018-09-17 00:00:00";911;17,94
"2018-09-18 00:00:00";1009;20,78
"2018-09-19 00:00:00";920;21,72
"2018-09-20 00:00:00";875;22,21
"2018-09-21 00:00:00";991;29,87
"2018-09-22 00:00:00";808;9,72
"2018-09-23 00:00:00";832;37,29
"2018-09-24 00:00:00";873;17,76
"2018-09-25 00:00:00";1079;13,73
"2018-09-26 00:00:00";1146;14,41
"2018-09-27 00:00:00";1309;16,61
"2018-09-28 00:00:00";1093;13,57
"2018-09-29 00:00:00";770;19,96
"2018-09-30 00:00:00";780;10,58
"2018-10-01 00:00:00";748;16,55
"2018-10-02 00:00:00";865;28,36
"2018-10-03 00:00:00";815;41,62
"2018-10-04 00:00:00";793;28,05
"2018-10-05 00:00:00";894;15,37
"2018-10-06 00:00:00";832;16,84
"2018-10-07 00:00:00";835;18,74
"2018-10-08 00:00:00";847;14,48
"2018-10-09 00:00:00";838;20,35
"2018-10-10 00:00:00";918;22,12
"2018-10-11 00:00:00";973;23,07
"2018-10-12 00:00:00";950;37,71
"2018-10-13 00:00:00";901;33,39
"2018-10-14 00:00:00";809;21,73
"2018-10-15 00:00:00";810;31,09
"2018-10-16 00:00:00";874;15,81
"2018-10-17 00:00:00";855;15,88
"2018-10-18 00:00:00";787;28
"2018-10-19 00:00:00";966;10,08
"2018-10-20 00:00:00";808;11,06
"2018-10-21 00:00:00";785;8,96
"2018-10-22 00:00:00";731;44,93
"2018-10-23 00:00:00";903;18,81
"2018-10-24 00:00:00";841;22,08
"2018-10-25 00:00:00";848;17,4
"2018-10-26 00:00:00";804;11,99
"2018-10-27 00:00:00";828;10,91
"2018-10-28 00:00:00";808;14,54
"2018-10-29 00:00:00";820;14,57
"2018-10-30 00:00:00";832;35,21
"2018-10-31 00:00:00";849;11,28
"2018-11-01 00:00:00";933;27,95
"2018-11-02 00:00:00";908;32,48
"2018-11-03 00:00:00";773;10,54
"2018-11-04 00:00:00";865;12,67
"2018-11-05 00:00:00";875;64,13
"2018-11-06 00:00:00";844;27,7
"2018-11-07 00:00:00";828;24,14
"2018-11-08 00:00:00";900;33,26
"2018-11-09 00:00:00";914;22,43
"2018-11-10 00:00:00";828;15,99
"2018-11-11 00:00:00";800;57,39
"2018-11-12 00:00:00";873;23,57
"2018-11-13 00:00:00";978;28,6
"2018-11-14 00:00:00";939;26,81
"2018-11-15 00:00:00";957;12,37
"2018-11-16 00:00:00";919;14,34
"2018-11-17 00:00:00";861;8,11
"2018-11-18 00:00:00";831;12,76
"2018-11-19 00:00:00";790;27,99
"2018-11-20 00:00:00";821;19,58
"2018-11-21 00:00:00";887;6,56
"2018-11-22 00:00:00";889;8,35
"2018-11-23 00:00:00";829;16,35
"2018-11-24 00:00:00";861;10,15
"2018-11-25 00:00:00";761;5,79
"2018-11-26 00:00:00";941;7,74
"2018-11-27 00:00:00";892;8,03
"2018-11-28 00:00:00";885;9,34
"2018-11-29 00:00:00";852;21,77
"2018-11-30 00:00:00";976;17,09
"2018-12-01 00:00:00";955;5,65
"2018-12-02 00:00:00";880;7,27
"2018-12-03 00:00:00";866;5,29
"2018-12-04 00:00:00";855;6,94
"2018-12-05 00:00:00";2652;4,06
"2018-12-06 00:00:00";916;6,02
"2018-12-07 00:00:00";959;5
"2018-12-08 00:00:00";1088;16,4
"2018-12-09 00:00:00";896;9,93
"2018-12-10 00:00:00";858;10,26
"2018-12-11 00:00:00";797;53,25
"2018-12-12 00:00:00";802;227,31
"2018-12-13 00:00:00";861;8,34
"2018-12-14 00:00:00";858;38,86
"2018-12-15 00:00:00";925;18,93
"2018-12-16 00:00:00";954;31,92
"2018-12-17 00:00:00";827;11,89
"2018-12-18 00:00:00";875;16,02
"2018-12-19 00:00:00";899;97,5
"2018-12-20 00:00:00";924;208,05
"2018-12-21 00:00:00";987;409,66
"2018-12-22 00:00:00";943;122,83
"2018-12-23 00:00:00";1161;189,35
"2018-12-24 00:00:00";826;16,81
"2018-12-25 00:00:00";762;20,65
"2018-12-26 00:00:00";786;8,96
"2018-12-27 00:00:00";807;9,8
"2018-12-28 00:00:00";901;19,89
"2018-12-29 00:00:00";794;8,14
"2018-12-30 00:00:00";732;17,83
"2018-12-31 00:00:00";782;18,26
"2019-01-01 00:00:00";757;8,37
"2019-01-02 00:00:00";779;11,05
"2019-01-03 00:00:00";878;16,78
"2019-01-04 00:00:00";899;19,06
"2019-01-05 00:00:00";793;11,11
"2019-01-06 00:00:00";818;270,01
"2019-01-07 00:00:00";752;11,78
"2019-01-08 00:00:00";815;23,6
"2019-01-09 00:00:00";811;17,68
"2019-01-10 00:00:00";885;12,43
"2019-01-11 00:00:00";1201;7,15
"2019-01-12 00:00:00";982;12,12
"2019-01-13 00:00:00";995;15,88
"2019-01-14 00:00:00";921;23,23
"2019-01-15 00:00:00";936;8,02
"2019-01-16 00:00:00";940;15,44
"2019-01-17 00:00:00";958;12,18
"2019-01-18 00:00:00";907;12,52
"2019-01-19 00:00:00";967;9,5
"2019-01-20 00:00:00";947;13,65
"2019-01-21 00:00:00";945;7,9
"2019-01-22 00:00:00";841;10,26
"2019-01-23 00:00:00";981;9,14
"2019-01-24 00:00:00";923;7,33
"2019-01-25 00:00:00";994;13,87
"2019-01-26 00:00:00";1053;5,16
"2019-01-27 00:00:00";1041;8,86
"2019-01-28 00:00:00";1234;12,83
"2019-01-29 00:00:00";1035;7,84
"2019-01-30 00:00:00";989;267,53
"2019-01-31 00:00:00";858;9,57
"2019-02-01 00:00:00";1049;8,25
"2019-02-02 00:00:00";948;9,05
"2019-02-03 00:00:00";1042;8,61
"2019-02-04 00:00:00";1002;9,48
"2019-02-05 00:00:00";987;18,62
"2019-02-06 00:00:00";942;21,43
"2019-02-07 00:00:00";1019;12,72
"2019-02-08 00:00:00";920;8,91
"2019-02-09 00:00:00";1099;4,52
"2019-02-10 00:00:00";1027;9,39
"2019-02-11 00:00:00";859;9,68
"2019-02-12 00:00:00";932;7,34
"2019-02-13 00:00:00";968;7,09
"2019-02-14 00:00:00";1013;6,83
"2019-02-15 00:00:00";1020;9,61
"2019-02-16 00:00:00";1171;4,63
"2019-02-17 00:00:00";1098;11,76
"2019-02-18 00:00:00";1043;8,73
"2019-02-19 00:00:00";921;21,37
"2019-02-20 00:00:00";1042;14,89
"2019-02-21 00:00:00";966;16,19
"2019-02-22 00:00:00";851;9,79
"2019-02-23 00:00:00";973;7,34
"2019-02-24 00:00:00";839;9,03
"2019-02-25 00:00:00";710;9,45
"2019-02-26 00:00:00";864;13,28
"2019-02-27 00:00:00";921;19,49
"2019-02-28 00:00:00";813;15,07
"2019-03-01 00:00:00";1082;16,86
"2019-03-02 00:00:00";1205;17,33
"2019-03-03 00:00:00";1122;8,6
"2019-03-04 00:00:00";1091;16,84
"2019-03-05 00:00:00";1135;20,09
"2019-03-06 00:00:00";1117;14,19
"2019-03-07 00:00:00";1103;10,63
"2019-03-08 00:00:00";1173;11,74
"2019-03-09 00:00:00";1107;11,37
"2019-03-10 00:00:00";1109;16,18
"2019-03-11 00:00:00";1060;12,71
"2019-03-12 00:00:00";1159;24,27
"2019-03-13 00:00:00";1062;15,59
"2019-03-14 00:00:00";1044;18,76
"2019-03-15 00:00:00";1074;15,37
"2019-03-16 00:00:00";1119;8,48
"2019-03-17 00:00:00";1103;12,75
"2019-03-18 00:00:00";1033;12,46
"2019-03-19 00:00:00";1076;12,83
"2019-03-20 00:00:00";1123;13,44
"2019-03-21 00:00:00";1139;11,57
"2019-03-22 00:00:00";1260;11,07
"2019-03-23 00:00:00";1197;13,07
"2019-03-24 00:00:00";1174;14,61
"2019-03-25 00:00:00";1278;12,27
"2019-03-26 00:00:00";1264;16,88
"2019-03-27 00:00:00";1224;11,58
"2019-03-28 00:00:00";1281;27,8
"2019-03-29 00:00:00";1427;4,23
"2019-03-30 00:00:00";1374;7,43
"2019-03-31 00:00:00";1277;7,16
"2019-04-01 00:00:00";1275;12,28
"2019-04-02 00:00:00";1247;22,15
"2019-04-03 00:00:00";928;16,45
"2019-04-04 00:00:00";1091;24,27
"2019-04-05 00:00:00";1117;20,77
"2019-04-06 00:00:00";1013;13,23
"2019-04-07 00:00:00";1097;16,14
"2019-04-08 00:00:00";1092;22,86
"2019-04-09 00:00:00";1075;19,28
"2019-04-10 00:00:00";1005;15,39
"2019-04-11 00:00:00";1031;20,46
"2019-04-12 00:00:00";1118;20,33
"2019-04-13 00:00:00";1092;9,5
"2019-04-14 00:00:00";1029;6,55
"2019-04-15 00:00:00";936;26,37
"2019-04-16 00:00:00";992;15,55
"2019-04-17 00:00:00";1068;9,6
"2019-04-18 00:00:00";1073;10,61
"2019-04-19 00:00:00";1052;10,47
"2019-04-20 00:00:00";1004;9,95
"2019-04-21 00:00:00";1043;13,14
"2019-04-22 00:00:00";952;10,78
"2019-04-23 00:00:00";969;13,13
"2019-04-24 00:00:00";1059;26,73
"2019-04-25 00:00:00";1007;12,62
"2019-04-26 00:00:00";932;15,8
"2019-04-27 00:00:00";995;16,8
"2019-04-28 00:00:00";1056;10,38
"2019-04-29 00:00:00";940;10,63
"2019-04-30 00:00:00";1044;54,64
"2019-05-01 00:00:00";1150;8,58
"2019-05-02 00:00:00";1064;14,43
"2019-05-03 00:00:00";997;12,09
"2019-05-04 00:00:00";1097;9,05
"2019-05-05 00:00:00";1144;12,75
"2019-05-06 00:00:00";1044;10,7
"2019-05-07 00:00:00";941;16,69
"2019-05-08 00:00:00";1132;13,17
"2019-05-09 00:00:00";1170;10,22
"2019-05-10 00:00:00";1204;16,44
"2019-05-11 00:00:00";1179;6,84
"2019-05-12 00:00:00";1075;11,58
"2019-05-13 00:00:00";1087;15,61
"2019-05-14 00:00:00";1152;10,36
"2019-05-15 00:00:00";980;29,22
"2019-05-16 00:00:00";844;21,92
"2019-05-17 00:00:00";858;38,18
"2019-05-18 00:00:00";988;19,57
"2019-05-19 00:00:00";1104;14,26
"2019-05-20 00:00:00";1030;21,02
"2019-05-21 00:00:00";1104;27,35
"2019-05-22 00:00:00";1052;20,83
"2019-05-23 00:00:00";1061;21,97
"2019-05-24 00:00:00";1152;38,49
"2019-05-25 00:00:00";1146;16,66
"2019-05-26 00:00:00";1306;14,97
"2019-05-27 00:00:00";1455;41,68
"2019-05-28 00:00:00";1095;19,04
"2019-05-29 00:00:00";1075;14,64
"2019-05-30 00:00:00";1231;11,3
"2019-05-31 00:00:00";1124;18,54
"2019-06-01 00:00:00";1024;16,76
"2019-06-02 00:00:00";1123;22,69
"2019-06-03 00:00:00";1230;38,67
"2019-06-04 00:00:00";987;17,51
"2019-06-05 00:00:00";1085;17,67
"2019-06-06 00:00:00";903;21,84
"2019-06-07 00:00:00";1241;25,32
"2019-06-08 00:00:00";879;12,3
"2019-06-09 00:00:00";1197;10,15
"2019-06-10 00:00:00";955;15,86
"2019-06-11 00:00:00";1070;12,36
"2019-06-12 00:00:00";1126;17,97
"2019-06-13 00:00:00";1277;19,52
"2019-06-14 00:00:00";1074;19,34
"2019-06-15 00:00:00";1021;17,41
"2019-06-16 00:00:00";1052;18,27
"2019-06-17 00:00:00";881;16,71
"2019-06-18 00:00:00";1059;44,84
"2019-06-19 00:00:00";1066;38,93
"2019-06-20 00:00:00";881;33,73
"2019-06-21 00:00:00";1117;54,38
"2019-06-22 00:00:00";1025;31,19
"2019-06-23 00:00:00";995;14,8
"2019-06-24 00:00:00";1061;33,11
"2019-06-25 00:00:00";813;16,62
"2019-06-26 00:00:00";833;27,38
"2019-06-27 00:00:00";773;24,56
"2019-06-28 00:00:00";675;25,39
"2019-06-29 00:00:00";772;24,8
"2019-06-30 00:00:00";712;19,88
"2019-07-01 00:00:00";655;16,75
"2019-07-02 00:00:00";626;20,26
"2019-07-03 00:00:00";716;20,7
"2019-07-04 00:00:00";893;23,55
"2019-07-05 00:00:00";786;24,18
"2019-07-06 00:00:00";877;9,66
"2019-07-07 00:00:00";876;18,53
"2019-07-08 00:00:00";790;20,61
"2019-07-09 00:00:00";937;22,56
"2019-07-10 00:00:00";975;33,64
"2019-07-11 00:00:00";772;31,23
"2019-07-12 00:00:00";931;15,11
"2019-07-13 00:00:00";899;15,39
"2019-07-14 00:00:00";822;20,16
"2019-07-15 00:00:00";834;28,49
"2019-07-16 00:00:00";490;42,6
"2019-07-17 00:00:00";866;22,89
"2019-07-18 00:00:00";921;13,62
"2019-07-19 00:00:00";870;9,32
"2019-07-20 00:00:00";891;7,63
"2019-07-21 00:00:00";916;7,77
"2019-07-22 00:00:00";793;10,55
"2019-07-23 00:00:00";861;9,03
"2019-07-24 00:00:00";813;9,02
"2019-07-25 00:00:00";739;9,54
"2019-07-26 00:00:00";965;8,12
"2019-07-27 00:00:00";826;8,7
"2019-07-28 00:00:00";846;8,63
"2019-07-29 00:00:00";869;13,26
"2019-07-30 00:00:00";869;8,77
"2019-07-31 00:00:00";893;14,83
"2019-08-01 00:00:00";804;22,97
"2019-08-02 00:00:00";797;11,63
"2019-08-03 00:00:00";884;11,08
"2019-08-04 00:00:00";934;10,04
"2019-08-05 00:00:00";897;9,71
"2019-08-06 00:00:00";811;16,92
"2019-08-07 00:00:00";953;13,21
"2019-08-08 00:00:00";906;14,42
"2019-08-09 00:00:00";891;14,96
"2019-08-10 00:00:00";790;10,22
"2019-08-11 00:00:00";862;10,02
"2019-08-12 00:00:00";915;44,56
"2019-08-13 00:00:00";936;16,47
"2019-08-14 00:00:00";938;13,59
"2019-08-15 00:00:00";894;13,44
"2019-08-16 00:00:00";859;16,83
"2019-08-17 00:00:00";1011;6,31
"2019-08-18 00:00:00";912;5,81
"2019-08-19 00:00:00";746;13,69
"2019-08-20 00:00:00";831;9
"2019-08-21 00:00:00";807;10,46
"2019-08-22 00:00:00";886;16,28
"2019-08-23 00:00:00";968;13,23
"2019-08-24 00:00:00";970;11,2
"2019-08-25 00:00:00";835;12,46
"2019-08-26 00:00:00";822;24,88
"2019-08-27 00:00:00";820;8,22
"2019-08-28 00:00:00";870;20,83
"2019-08-29 00:00:00";897;15,27
"2019-08-30 00:00:00";790;13,03
"2019-08-31 00:00:00";971;10,46
"2019-09-01 00:00:00";897;10,42
"2019-09-02 00:00:00";890;11,04
"2019-09-03 00:00:00";793;13
"2019-09-04 00:00:00";773;39,63
"2019-09-05 00:00:00";663;21,67
"2019-09-06 00:00:00";620;19,64
"2019-09-07 00:00:00";606;16,86
"2019-09-08 00:00:00";529;31,04
"2019-09-09 00:00:00";512;55
"2019-09-10 00:00:00";555;27,06
"2019-09-11 00:00:00";572;25,48
"2019-09-12 00:00:00";584;30,03
"2019-09-13 00:00:00";587;50,98
"2019-09-14 00:00:00";615;12,67
"2019-09-15 00:00:00";571;11,06
"2019-09-16 00:00:00";527;31,12
"2019-09-17 00:00:00";557;28,63
"2019-09-18 00:00:00";529;26,5
"2019-09-19 00:00:00";542;67,54
"2019-09-20 00:00:00";474;25,78
"2019-09-21 00:00:00";671;13,64
"2019-09-22 00:00:00";608;14,94
"2019-09-23 00:00:00";598;21,52
"2019-09-24 00:00:00";544;30,6
"2019-09-25 00:00:00";555;29,56
"2019-09-26 00:00:00";565;30,1
"2019-09-27 00:00:00";503;22,37
"2019-09-28 00:00:00";606;9,68
"2019-09-29 00:00:00";736;29,18
"2019-09-30 00:00:00";646;15,21
"2019-10-01 00:00:00";785;11,05
"2019-10-02 00:00:00";738;11,54
"2019-10-03 00:00:00";708;7,66
"2019-10-04 00:00:00";680;9,56
"2019-10-05 00:00:00";772;5,61
"2019-10-06 00:00:00";808;19,1
"2019-10-07 00:00:00";766;13,93
"2019-10-08 00:00:00";803;12,45
"2019-10-09 00:00:00";998;17,67
"2019-10-10 00:00:00";849;7,33
"2019-10-11 00:00:00";910;5,57
"2019-10-12 00:00:00";756;9,42
"2019-10-13 00:00:00";819;24,08
"2019-10-14 00:00:00";802;32,82
"2019-10-15 00:00:00";1081;52,66
"2019-10-16 00:00:00";1130;51,54
"2019-10-17 00:00:00";1071;32,66
"2019-10-18 00:00:00";1231;30,69
"2019-10-19 00:00:00";1144;31,45
"2019-10-20 00:00:00";2079;31,98
"2019-10-21 00:00:00";1030;25,58
"2019-10-22 00:00:00";1004;27,24
"2019-10-23 00:00:00";882;30,94
"2019-10-24 00:00:00";895;33,05
"2019-10-25 00:00:00";897;32,17
"2019-10-26 00:00:00";936;22,85
"2019-10-27 00:00:00";907;26,18
"2019-10-28 00:00:00";912;20,38
"2019-10-29 00:00:00";897;23,61
"2019-10-30 00:00:00";822;29,72
"2019-10-31 00:00:00";877;24,73
"2019-11-01 00:00:00";834;15,13
"2019-11-02 00:00:00";936;16,79
"2019-11-03 00:00:00";938;27,81
"2019-11-04 00:00:00";915;21,05
"2019-11-05 00:00:00";936;15,73
"2019-11-06 00:00:00";1047;13,14
"2019-11-07 00:00:00";1092;12,58
"2019-11-08 00:00:00";1069;8,92
"2019-11-09 00:00:00";1095;7,61
"2019-11-10 00:00:00";1211;12,88
"2019-11-11 00:00:00";1145;22,93
"2019-11-12 00:00:00";1135;13,16
"2019-11-13 00:00:00";1199;10,97
"2019-11-14 00:00:00";1082;15,28
"2019-11-15 00:00:00";914;8,79
"2019-11-16 00:00:00";1000;7,49
"2019-11-17 00:00:00";958;19,85
"2019-11-18 00:00:00";974;15,36
"2019-11-19 00:00:00";1173;15,18
"2019-11-20 00:00:00";1073;15,43
"2019-11-21 00:00:00";921;15,79
"2019-11-22 00:00:00";1559;11,1
"2019-11-23 00:00:00";1703;5,87
"2019-11-24 00:00:00";1608;4,84
"2019-11-25 00:00:00";1375;8,06
"2019-11-26 00:00:00";1382;5,14
"2019-11-27 00:00:00";1467;8,01
"2019-11-28 00:00:00";1386;7,69
"2019-11-29 00:00:00";1477;5,22
"2019-11-30 00:00:00";1587;6,75
"2019-12-01 00:00:00";1529;5,21
"2019-12-02 00:00:00";1448;5,12
"2019-12-03 00:00:00";1358;10,66
"2019-12-04 00:00:00";1322;9,38
"2019-12-05 00:00:00";1512;15,66
"2019-12-06 00:00:00";1223;7,56
"2019-12-07 00:00:00";1339;6,35
"2019-12-08 00:00:00";1423;7,06
"2019-12-09 00:00:00";1465;12,24
"2019-12-10 00:00:00";1404;11,1
"2019-12-11 00:00:00";1332;9,74
"2019-12-12 00:00:00";1372;9,01
"2019-12-13 00:00:00";1321;8,34
"2019-12-14 00:00:00";1392;9,35
"2019-12-15 00:00:00";1344;8,68
"2019-12-16 00:00:00";1402;13,97
"2019-12-17 00:00:00";1289;14,45
"2019-12-18 00:00:00";1399;34,82
"2019-12-19 00:00:00";1467;18,12
"2019-12-20 00:00:00";1432;19,87
"2019-12-21 00:00:00";1551;12,66
"2019-12-22 00:00:00";1695;7,21
"2019-12-23 00:00:00";1572;16,69
"2019-12-24 00:00:00";1486;13,99
"2019-12-25 00:00:00";1382;12,08
"2019-12-26 00:00:00";1436;20,02
"2019-12-27 00:00:00";1512;10,98
"2019-12-28 00:00:00";1413;9,37
"2019-12-29 00:00:00";1562;10,66
"2019-12-30 00:00:00";1394;10,81
"2019-12-31 00:00:00";1321;9,6
"2020-01-01 00:00:00";1339;8,23
"2020-01-02 00:00:00";1640;7,79
"2020-01-03 00:00:00";1744;10,74
"2020-01-04 00:00:00";1829;11,59
"2020-01-05 00:00:00";1770;7,8
"2020-01-06 00:00:00";1446;18,39
"2020-01-07 00:00:00";1520;12,89
"2020-01-08 00:00:00";1411;14,18
"2020-01-09 00:00:00";1461;7,74
"2020-01-10 00:00:00";1385;10,66
"2020-01-11 00:00:00";1541;10,77
"2020-01-12 00:00:00";1470;6,82
"2020-01-13 00:00:00";1544;9,71
"2020-01-14 00:00:00";1467;9,24
"2020-01-15 00:00:00";1475;9,18
"2020-01-16 00:00:00";1282;13,6
"2020-01-17 00:00:00";1358;15,75
"2020-01-18 00:00:00";1469;10,81
"2020-01-19 00:00:00";1514;6,72
"2020-01-20 00:00:00";1505;5,26
"2020-01-21 00:00:00";1497;10,66
"2020-01-22 00:00:00";1541;11,58
"2020-01-23 00:00:00";1682;18,45
"2020-01-24 00:00:00";1693;4,77
"2020-01-25 00:00:00";1543;5,31
"2020-01-26 00:00:00";1526;6,07
"2020-01-27 00:00:00";1499;7,06
"2020-01-28 00:00:00";1550;11,21
"2020-01-29 00:00:00";1529;12,92
"2020-01-30 00:00:00";1353;10,61
"2020-01-31 00:00:00";1329;15,5
"2020-02-01 00:00:00";1441;9,56
"2020-02-02 00:00:00";1237;11,18
"2020-02-03 00:00:00";1463;20,81
"2020-02-04 00:00:00";1100;31,5
"2020-02-05 00:00:00";1275;43,56
"2020-02-06 00:00:00";1056;42,78
"2020-02-07 00:00:00";1071;73,58
"2020-02-08 00:00:00";1378;9,76
"2020-02-09 00:00:00";1383;13,49
"2020-02-10 00:00:00";1330;26,05
"2020-02-11 00:00:00";1883;43,57
"2020-02-12 00:00:00";1473;45,88
"2020-02-13 00:00:00";1711;30,35
"2020-02-14 00:00:00";1503;27,56
"2020-02-15 00:00:00";1400;24,8
"2020-02-16 00:00:00";1390;39,28
"2020-02-17 00:00:00";1560;34,63
"2020-02-18 00:00:00";1739;47,33
"2020-02-19 00:00:00";1778;29,38
"2020-02-20 00:00:00";2052;23,95
"2020-02-21 00:00:00";1934;32,79
"2020-02-22 00:00:00";1906;19,15
"2020-02-23 00:00:00";1953;16,85
"2020-02-24 00:00:00";1874;22,27
"2020-02-25 00:00:00";1751;22,98
"2020-02-26 00:00:00";1727;19,72
"2020-02-27 00:00:00";1769;16,35
"2020-02-28 00:00:00";2729;17,1
"2020-02-29 00:00:00";2186;7,75
"2020-03-01 00:00:00";1732;15,63
"2020-03-02 00:00:00";1646;12,68
"2020-03-03 00:00:00";1679;26,85
"2020-03-04 00:00:00";1639;18,7
"2020-03-05 00:00:00";1605;15,92
"2020-03-06 00:00:00";1589;15,72
"2020-03-07 00:00:00";1557;9,85
"2020-03-08 00:00:00";1484;20,65
"2020-03-09 00:00:00";1420;18,94
"2020-03-10 00:00:00";1471;13,75
"2020-03-11 00:00:00";1396;8,55
"2020-03-12 00:00:00";732;11,95
"2020-03-13 00:00:00";1078;20,59
"2020-03-14 00:00:00";1379;7,78
"2020-03-15 00:00:00";1363;7,18
"2020-03-16 00:00:00";949;5,91
"2020-03-17 00:00:00";1231;7,78
"2020-03-18 00:00:00";1507;4,74
"2020-03-19 00:00:00";1256;14,88
"2020-03-20 00:00:00";1339;8,44
"2020-03-21 00:00:00";1439;9,16
"2020-03-22 00:00:00";1432;11,92
"2020-03-23 00:00:00";1419;11,48
"2020-03-24 00:00:00";1513;17,59
"2020-03-25 00:00:00";1270;14,31
"2020-03-26 00:00:00";1444;12,48
"2020-03-27 00:00:00";1453;10,35
"2020-03-28 00:00:00";1626;8,66
"2020-03-29 00:00:00";1473;8,87
"2020-03-30 00:00:00";1486;13,71
"2020-03-31 00:00:00";2002;30,49
"2020-04-01 00:00:00";1443;7,87
"2020-04-02 00:00:00";1402;14,07
"2020-04-03 00:00:00";1459;8,42
"2020-04-04 00:00:00";1422;7,2
"2020-04-05 00:00:00";1419;9,4
"2020-04-06 00:00:00";1287;6,69
"2020-04-07 00:00:00";1290;18,94
"2020-04-08 00:00:00";1351;19,24
"2020-04-09 00:00:00";1373;13,27
"2020-04-10 00:00:00";1393;36,91
"2020-04-11 00:00:00";1599;6,74
"2020-04-12 00:00:00";1605;6,72
"2020-04-13 00:00:00";1462;10,82
"2020-04-14 00:00:00";1460;5,35
"2020-04-15 00:00:00";1482;10,52
"2020-04-16 00:00:00";1454;26,32
"2020-04-17 00:00:00";1549;15,41
"2020-04-18 00:00:00";1481;25,12
"2020-04-19 00:00:00";1584;11,19
"2020-04-20 00:00:00";1292;18
"2020-04-21 00:00:00";1333;28,81
"2020-04-22 00:00:00";1441;26,16
"2020-04-23 00:00:00";1369;33,22
"2020-04-24 00:00:00";1360;22,75
"2020-04-25 00:00:00";1513;23,21
"2020-04-26 00:00:00";1360;23,1
"2020-04-27 00:00:00";1284;18,19
"2020-04-28 00:00:00";1406;13,52
"2020-04-29 00:00:00";1115;25,33
"2020-04-30 00:00:00";1045;43,36
"2020-05-01 00:00:00";1397;26,54
"2020-05-02 00:00:00";1478;38,01
"2020-05-03 00:00:00";1442;14,86
"2020-05-04 00:00:00";1232;18,72
"2020-05-05 00:00:00";1373;28,24
"2020-05-06 00:00:00";1190;25,83
"2020-05-07 00:00:00";1105;34,36
"2020-05-08 00:00:00";1192;33,78
"2020-05-09 00:00:00";1222;21,95
"2020-05-10 00:00:00";1118;20,35
"2020-05-11 00:00:00";1106;17,67
"2020-05-12 00:00:00";1063;16,18
"2020-05-13 00:00:00";1052;26,77
"2020-05-14 00:00:00";995;42,24
"2020-05-15 00:00:00";1212;26,36
"2020-05-16 00:00:00";1338;27,8
"2020-05-17 00:00:00";1356;19,31
"2020-05-18 00:00:00";1212;34,8
"2020-05-19 00:00:00";1141;27,36
"2020-05-20 00:00:00";1232;43,9
"2020-05-21 00:00:00";1048;48,37
"2020-05-22 00:00:00";1252;48,67
"2020-05-23 00:00:00";1753;20,21
"2020-05-24 00:00:00";1477;60,9
"2020-05-25 00:00:00";1303;31,48
"2020-05-26 00:00:00";1189;35,9
"2020-05-27 00:00:00";1058;36,03
"2020-05-28 00:00:00";1050;33,01
"2020-05-29 00:00:00";1260;32,7
"2020-05-30 00:00:00";1092;30,02
"2020-05-31 00:00:00";1156;44,92
"2020-06-01 00:00:00";996;57,66
"2020-06-02 00:00:00";954;59,29
"2020-06-03 00:00:00";1018;61,23
"2020-06-04 00:00:00";1131;44,31
"2020-06-05 00:00:00";1172;42,13
"2020-06-06 00:00:00";1142;31,61
"2020-06-07 00:00:00";975;32,06
"2020-06-08 00:00:00";976;30,21
"2020-06-09 00:00:00";948;46,75
"2020-06-10 00:00:00";855;53,23
"2020-06-11 00:00:00";1097;40,7
"2020-06-12 00:00:00";951;31,06
"2020-06-13 00:00:00";1066;50,27
"2020-06-14 00:00:00";1240;34,45
"2020-06-15 00:00:00";906;43,08
"2020-06-16 00:00:00";1034;41,03
"2020-06-17 00:00:00";913;44,53
"2020-06-18 00:00:00";959;90,22
"2020-06-19 00:00:00";945;52,39
"2020-06-20 00:00:00";1039;18,75
"2020-06-21 00:00:00";1096;23,27
"2020-06-22 00:00:00";937;40,36
"2020-06-23 00:00:00";1024;37,67
"2020-06-24 00:00:00";825;42,94
"2020-06-25 00:00:00";900;26,23
"2020-06-26 00:00:00";879;32,48
"2020-06-27 00:00:00";880;20,88
"2020-06-28 00:00:00";896;45,95
"2020-06-29 00:00:00";941;56,5
"2020-06-30 00:00:00";971;45,37
"2020-07-01 00:00:00";940;67,01
"2020-07-02 00:00:00";988;46,56
"2020-07-03 00:00:00";909;36,14
"2020-07-04 00:00:00";1041;24,55
"2020-07-05 00:00:00";938;27,12
"2020-07-06 00:00:00";1015;37,92
"2020-07-07 00:00:00";1048;31,8
"2020-07-08 00:00:00";1108;39,92
"2020-07-09 00:00:00";1196;35,83
"2020-07-10 00:00:00";1145;39,45
"2020-07-11 00:00:00";1214;43,46
"2020-07-12 00:00:00";1163;37,37
"2020-07-13 00:00:00";933;62,03
"2020-07-14 00:00:00";1026;61,94
"2020-07-15 00:00:00";978;52,26
"2020-07-16 00:00:00";990;38,41
"2020-07-17 00:00:00";891;48,38
"2020-07-18 00:00:00";944;32,36
"2020-07-19 00:00:00";864;79,73
"2020-07-20 00:00:00";832;78,89
"2020-07-21 00:00:00";924;66,27
"2020-07-22 00:00:00";892;93,38
"2020-07-23 00:00:00";859;81,25
"2020-07-24 00:00:00";847;76,8
"2020-07-25 00:00:00";856;86,35
"2020-07-26 00:00:00";802;84,39
"2020-07-27 00:00:00";701;110,31
"2020-07-28 00:00:00";811;94,38
"2020-07-29 00:00:00";767;145,13
"2020-07-30 00:00:00";807;105,84
"2020-07-31 00:00:00";759;80,55
"2020-08-01 00:00:00";806;75,37
"2020-08-02 00:00:00";853;141,43
"2020-08-03 00:00:00";775;119,97
"2020-08-04 00:00:00";1147;81,85
"2020-08-05 00:00:00";975;70,84
"2020-08-06 00:00:00";956;74,25
"2020-08-07 00:00:00";951;80,41
"2020-08-08 00:00:00";915;86,62
"2020-08-09 00:00:00";851;115,67
"2020-08-10 00:00:00";644;101,78
"2020-08-11 00:00:00";685;124,1
"2020-08-12 00:00:00";334;209,75
"2020-08-13 00:00:00";615;136,07
"2020-08-14 00:00:00";680;151,45
"2020-08-15 00:00:00";751;163,56
"2020-08-16 00:00:00";758;118,44
"2020-08-17 00:00:00";682;93,48
"2020-08-18 00:00:00";684;159,68
"2020-08-19 00:00:00";671;104,17
"2020-08-20 00:00:00";755;94,79
"2020-08-21 00:00:00";663;138,3
"2020-08-22 00:00:00";706;119,95
"2020-08-23 00:00:00";792;141,41
"2020-08-24 00:00:00";760;124,46
"2020-08-25 00:00:00";840;100,18
"2020-08-26 00:00:00";847;107,21
"2020-08-27 00:00:00";958;118,25
"2020-08-28 00:00:00";1033;170,9
"2020-08-29 00:00:00";1700;47,11
"2020-08-30 00:00:00";1489;60,59
"2020-08-31 00:00:00";873;121,37
"2020-09-01 00:00:00";281;262,69
"2020-09-02 00:00:00";489;114,07
"2020-09-03 00:00:00";636;112,2
"2020-09-04 00:00:00";917;98,58
"2020-09-05 00:00:00";683;67,19
"2020-09-06 00:00:00";1017;118,66
"2020-09-07 00:00:00";990;85,31
"2020-09-08 00:00:00";1032;80,73
"2020-09-09 00:00:00";990;99,79
"2020-09-10 00:00:00";896;117,95
"2020-09-11 00:00:00";952;156,25
"2020-09-12 00:00:00";1001;138,85
"2020-09-13 00:00:00";997;167,12
"2020-09-14 00:00:00";841;217,21
"2020-09-15 00:00:00";1391;159,35
"2020-09-16 00:00:00";1289;75,06
"2020-09-17 00:00:00";665;113,19
"2020-09-18 00:00:00";1277;132,14
"2020-09-19 00:00:00";1310;164,57
"2020-09-20 00:00:00";1378;184,96
"2020-09-21 00:00:00";1276;119,61
"2020-09-22 00:00:00";2041;255,27
"2020-09-23 00:00:00";3366;402,32
"2020-09-24 00:00:00";2298;452,63
"2020-09-25 00:00:00";2365;295,94
"2020-09-26 00:00:00";2285;389,77
"2020-09-27 00:00:00";2283;336,23
"2020-09-28 00:00:00";2113;415,93
"2020-09-29 00:00:00";1834;291,74
"2020-09-30 00:00:00";1636;156,97
"2020-10-01 00:00:00";1591;181,69
"2020-10-02 00:00:00";1567;131,21
"2020-10-03 00:00:00";1832;159,89
"2020-10-04 00:00:00";1697;150,95
"2020-10-05 00:00:00";1700;153,64
"2020-10-06 00:00:00";1771;120,16
"2020-10-07 00:00:00";1771;143,8
"2020-10-08 00:00:00";1667;171,9
"2020-10-09 00:00:00";1755;157,54
"2020-10-10 00:00:00";1632;148,67
"2020-10-11 00:00:00";1907;119,32
"2020-10-12 00:00:00";1562;132,14
"2020-10-13 00:00:00";1689;114,38
"2020-10-14 00:00:00";1742;130,82
"2020-10-15 00:00:00";1771;183,25
"2020-10-16 00:00:00";1606;119,7
"2020-10-17 00:00:00";1850;140,2
"2020-10-18 00:00:00";1864;116,11
"2020-10-19 00:00:00";1679;164,37
"2020-10-20 00:00:00";1566;100,75
"2020-10-21 00:00:00";1502;163,48
"2020-10-22 00:00:00";1523;239,32
"2020-10-23 00:00:00";1651;86,84
"2020-10-24 00:00:00";1967;88,7
"2020-10-25 00:00:00";1823;65,98
"2020-10-26 00:00:00";1869;83,64
"2020-10-27 00:00:00";2010;52,04
"2020-10-28 00:00:00";1771;85,67
"2020-10-29 00:00:00";1865;73,9
"2020-10-30 00:00:00";1968;69,53
"2020-10-31 00:00:00";2067;63,87
"2020-11-01 00:00:00";1904;117,57
"2020-11-02 00:00:00";1596;92,7
"2020-11-03 00:00:00";1751;131,09
"2020-11-04 00:00:00";1719;103,83
"2020-11-05 00:00:00";1694;88,82
"2020-11-06 00:00:00";1599;202,77
"2020-11-07 00:00:00";1623;117,53
"2020-11-08 00:00:00";1943;87,78
"2020-11-09 00:00:00";1730;89,53
"2020-11-10 00:00:00";2100;120,57
"2020-11-11 00:00:00";2061;134,61
"2020-11-12 00:00:00";2899;59,37
"2020-11-13 00:00:00";1973;134,44
"2020-11-14 00:00:00";2196;111,16
"2020-11-15 00:00:00";2265;97,06
"2020-11-16 00:00:00";2008;105,88
"2020-11-17 00:00:00";1746;117,01
"2020-11-18 00:00:00";1790;121,61
"2020-11-19 00:00:00";2108;119,69
"2020-11-20 00:00:00";1732;113,42
"2020-11-21 00:00:00";1666;266,15
"2020-11-22 00:00:00";1733;138,84
"2020-11-23 00:00:00";1393;164,17
"2020-11-24 00:00:00";1344;125,6
"2020-11-25 00:00:00";1604;99,05
"2020-11-26 00:00:00";1403;117,05
"2020-11-27 00:00:00";2038;75,99
"2020-11-28 00:00:00";2218;82,15
"2020-11-29 00:00:00";2155;129,38
"2020-11-30 00:00:00";1363;149,59
"2020-12-01 00:00:00";1514;77,3
"2020-12-02 00:00:00";1813;174,47
"2020-12-03 00:00:00";1737;94,73
"2020-12-04 00:00:00";1841;156,19
"2020-12-05 00:00:00";1902;96,81
"2020-12-06 00:00:00";2053;103,71
"2020-12-07 00:00:00";1779;86,59
"2020-12-08 00:00:00";1838;124,44
"2020-12-09 00:00:00";1686;86,13
"2020-12-10 00:00:00";1878;81,44
"2020-12-11 00:00:00";2603;84,62
"2020-12-12 00:00:00";2250;76,06
"2020-12-13 00:00:00";2159;128,44
"2020-12-14 00:00:00";1754;99,7
"2020-12-15 00:00:00";1652;86,27
"2020-12-16 00:00:00";1587;122,09
"2020-12-17 00:00:00";1055;200,6
"2020-12-18 00:00:00";1857;119,12
"2020-12-19 00:00:00";1793;117,34
"2020-12-20 00:00:00";2145;169,83
"2020-12-21 00:00:00";1653;162,18
"2020-12-22 00:00:00";1895;188
"2020-12-23 00:00:00";1678;150,98
"2020-12-24 00:00:00";1707;153,88
"2020-12-25 00:00:00";1464;199,34
"2020-12-26 00:00:00";1581;174,85
"2020-12-27 00:00:00";1473;173,19
"2020-12-28 00:00:00";1345;132,55
"2020-12-29 00:00:00";1451;132,87
"2020-12-30 00:00:00";1289;221,6
"2020-12-31 00:00:00";1344;150,49
"2021-01-01 00:00:00";1973;127,41
"2021-01-02 00:00:00";1527;125,76
"2021-01-03 00:00:00";1096;269,91
"2021-01-04 00:00:00";1067;256,85
"2021-01-05 00:00:00";1151;417,99
"2021-01-06 00:00:00";1149;603
"2021-01-07 00:00:00";1130;366,75
"2021-01-08 00:00:00";1363;277,96
"2021-01-09 00:00:00";1448;281,44
"2021-01-10 00:00:00";1348;463,24
"2021-01-11 00:00:00";1037;223,85
"2021-01-12 00:00:00";1391;184,36
"2021-01-13 00:00:00";1627;230,76
"2021-01-14 00:00:00";1639;169,22
"2021-01-15 00:00:00";1458;181,15
"2021-01-16 00:00:00";1473;199,61
"2021-01-17 00:00:00";1479;274,71
"2021-01-18 00:00:00";1558;364,3
"2021-01-19 00:00:00";1361;325,1
"2021-01-20 00:00:00";1610;281,47
"2021-01-21 00:00:00";1506;263,81
"2021-01-22 00:00:00";1525;276,39
"2021-01-23 00:00:00";1637;681,26
"2021-01-24 00:00:00";1893;472,84
"2021-01-25 00:00:00";1522;398,26
"2021-01-26 00:00:00";1922;270,13
"2021-01-27 00:00:00";1745;506,74
"2021-01-28 00:00:00";1339;481,29
"2021-01-29 00:00:00";1576;417,51
"2021-01-30 00:00:00";2477;496,08
"2021-01-31 00:00:00";3087;812,63
"2021-02-01 00:00:00";2814;1412,5
"2021-02-02 00:00:00";2321;1848,32
"2021-02-03 00:00:00";1715;1432,09
"2021-02-04 00:00:00";1581;1920,88
"2021-02-05 00:00:00";1315;1374,36
"2021-02-06 00:00:00";1942;1020,66
"2021-02-07 00:00:00";1681;1010,07
"2021-02-08 00:00:00";1428;2269,83
"2021-02-09 00:00:00";1439;1888,98
"2021-02-10 00:00:00";1081;1705,64
"2021-02-11 00:00:00";2401;1044,34
"2021-02-12 00:00:00";2046;693,31
"2021-02-13 00:00:00";2140;1444,02
"2021-02-14 00:00:00";2598;2103,09
"2021-02-15 00:00:00";2590;1786,68
"2021-02-16 00:00:00";3359;1880,21
"2021-02-17 00:00:00";3104;2458,87
"2021-02-18 00:00:00";2790;2951,19
"2021-02-19 00:00:00";2584;3452,51
"2021-02-20 00:00:00";2510;2553,36
"2021-02-21 00:00:00";3780;2844,14
"2021-02-22 00:00:00";3001;4330,22
"2021-02-23 00:00:00";1912;2605,56
"2021-02-24 00:00:00";3651;1490,02
"2021-02-25 00:00:00";4184;1038,23
"2021-02-26 00:00:00";5001;760,96
"2021-02-27 00:00:00";6131;761,92
"2021-02-28 00:00:00";4836;1095,29
"2021-03-01 00:00:00";5224;744,9
"2021-03-02 00:00:00";5870;1188,53
"2021-03-03 00:00:00";5088;1415,36
"2021-03-04 00:00:00";5185;1116,89
"2021-03-05 00:00:00";5521;1044,67
"2021-03-06 00:00:00";5432;839,47
"2021-03-07 00:00:00";5077;694,1
"2021-03-08 00:00:00";5434;1049,91
"2021-03-09 00:00:00";5291;1303,39
"2021-03-10 00:00:00";5958;788,89
"2021-03-11 00:00:00";5443;3763,03
"2021-03-12 00:00:00";5355;2294,09
"2021-03-13 00:00:00";6837;1412,03
"2021-03-14 00:00:00";6905;1647,41
"2021-03-15 00:00:00";6088;1429,56
"2021-03-16 00:00:00";6377;1135,22
"2021-03-17 00:00:00";6891;1252,99
"2021-03-18 00:00:00";6457;1036,05
"2021-03-19 00:00:00";6266;786,48
"2021-03-20 00:00:00";6574;1089,59
"2021-03-21 00:00:00";7010;979,75
"2021-03-22 00:00:00";5374;1074,76
"2021-03-23 00:00:00";5176;969,91
"2021-03-24 00:00:00";4274;1346,21
"2021-03-25 00:00:00";4327;1055,01
"2021-03-26 00:00:00";4648;818,57
"2021-03-27 00:00:00";4847;924,21
"2021-03-28 00:00:00";4929;1076,44
"2021-03-29 00:00:00";4750;1130,81
"2021-03-30 00:00:00";4309;1620,86
"2021-03-31 00:00:00";3854;1380,27
"2021-04-01 00:00:00";3931;1633,96
"2021-04-02 00:00:00";3192;1406,07
"2021-04-03 00:00:00";4348;1060,14
"2021-04-04 00:00:00";4877;688,82
"2021-04-05 00:00:00";4360;1154,37
"2021-04-06 00:00:00";4034;1114,12
"2021-04-07 00:00:00";4866;516,96
"2021-04-08 00:00:00";4667;2220,81
"2021-04-09 00:00:00";4631;1731,73
"2021-04-10 00:00:00";4879;1125,5
"2021-04-11 00:00:00";5024;3545,63
"2021-04-12 00:00:00";4348;1419,55
"2021-04-13 00:00:00";4275;1621,5
"2021-04-14 00:00:00";4472;2001,08
"2021-04-15 00:00:00";3760;1985,18
"2021-04-16 00:00:00";4168;2376,41
"2021-04-17 00:00:00";3863;1303,83
"2021-04-18 00:00:00";3571;1202,86
"2021-04-19 00:00:00";2841;1745,81
"2021-04-20 00:00:00";2132;2022,17
"2021-04-21 00:00:00";3508;1541,91
"2021-04-22 00:00:00";3808;1132,07
"2021-04-23 00:00:00";4313;995,86
"2021-04-24 00:00:00";3945;823,73
"2021-04-25 00:00:00";4360;564,84
"2021-04-26 00:00:00";3828;839,35
"2021-04-27 00:00:00";4275;1309,91
"2021-04-28 00:00:00";3810;1023,14
"2021-04-29 00:00:00";3932;816,59
"2021-04-30 00:00:00";4974;938,69
"2021-05-01 00:00:00";5967;583,37
"2021-05-02 00:00:00";5574;1376,72
"2021-05-03 00:00:00";7718;6561,5
"2021-05-04 00:00:00";5940;3783,53
"2021-05-05 00:00:00";5195;2189,56
"2021-05-06 00:00:00";4840;1640,02
"2021-05-07 00:00:00";5129;1320,18
"2021-05-08 00:00:00";3127;2759,82
"2021-05-09 00:00:00";3913;1997,13
"2021-05-10 00:00:00";2177;3170,04
"2021-05-11 00:00:00";2954;2402,81
"2021-05-12 00:00:00";4660;3731,96
"2021-05-13 00:00:00";5732;1520,83
"2021-05-14 00:00:00";5945;1666,95
"2021-05-15 00:00:00";5713;1061,51
"2021-05-16 00:00:00";5448;883,1
"2021-05-17 00:00:00";5026;616,56
"2021-05-18 00:00:00";5457;748,38
"2021-05-19 00:00:00";4121;530,26
"2021-05-20 00:00:00";5547;449,56
"2021-05-21 00:00:00";6055;506,93
"2021-05-22 00:00:00";8531;495,28
"2021-05-23 00:00:00";8956;354,32
"2021-05-24 00:00:00";6667;620,17
"2021-05-25 00:00:00";7117;468,74
"2021-05-26 00:00:00";6251;530,96
"2021-05-27 00:00:00";7653;624,65
"2021-05-28 00:00:00";7589;540,94
"2021-05-29 00:00:00";7929;495,36
"2021-05-30 00:00:00";8662;452,55
"2021-05-31 00:00:00";8171;420,08
"2021-06-01 00:00:00";8646;488,61
"2021-06-02 00:00:00";7792;472,28
"2021-06-03 00:00:00";7470;488,11
"2021-06-04 00:00:00";8181;440,33
"2021-06-05 00:00:00";8182;454,81
"2021-06-06 00:00:00";8388;514
"2021-06-07 00:00:00";8490;646,14
"2021-06-08 00:00:00";8914;506,49
"2021-06-09 00:00:00";9025;410,76
"2021-06-10 00:00:00";9443;427,63
"2021-06-11 00:00:00";11040;522,02
"2021-06-12 00:00:00";9140;375,58
"2021-06-13 00:00:00";9702;354,67
"2021-06-14 00:00:00";10154;384,02
"2021-06-15 00:00:00";11806;440,45
"2021-06-16 00:00:00";11359;423,11
"2021-06-17 00:00:00";11009;443,16
"2021-06-18 00:00:00";13480;278,91
"2021-06-19 00:00:00";13014;318,95
"2021-06-20 00:00:00";14631;424,33
"2021-06-21 00:00:00";15028;414,9
"2021-06-22 00:00:00";13546;406,51
"2021-06-23 00:00:00";13387;450,81
"2021-06-24 00:00:00";14759;399,6
"2021-06-25 00:00:00";15813;458,78
"2021-06-26 00:00:00";16530;404,2
"2021-06-27 00:00:00";18402;267,08
"2021-06-28 00:00:00";17746;414,18
"2021-06-29 00:00:00";18841;350,19
"2021-06-30 00:00:00";22332;279,89
"2021-07-01 00:00:00";21287;328,87
"2021-07-02 00:00:00";19966;418,37
"2021-07-03 00:00:00";21156;400,14
"2021-07-04 00:00:00";21082;556,13
"2021-07-05 00:00:00";21298;461,1
"2021-07-06 00:00:00";22275;544,68
"2021-07-07 00:00:00";24031;563,93
"2021-07-08 00:00:00";26150;485,73
"2021-07-09 00:00:00";24796;593,65
"2021-07-10 00:00:00";24334;553,07
"2021-07-11 00:00:00";22367;550,77
"2021-07-12 00:00:00";19739;626,4
"2021-07-13 00:00:00";22452;618,69
"2021-07-14 00:00:00";24709;657,38
"2021-07-15 00:00:00";35011;564,82
"2021-07-16 00:00:00";34672;472,51
"2021-07-17 00:00:00";30756;571,16
"2021-07-18 00:00:00";26689;495,12
"2021-07-19 00:00:00";28494;499,57
"2021-07-20 00:00:00";30639;397,7
"2021-07-21 00:00:00";29195;461,39
"2021-07-22 00:00:00";32965;400,48
"2021-07-23 00:00:00";38924;468,59
"2021-07-24 00:00:00";33536;511,98
"2021-07-25 00:00:00";33857;509,15
"2021-07-26 00:00:00";27248;599,64
"2021-07-27 00:00:00";27481;493,18
"2021-07-28 00:00:00";32632;445,45
"2021-07-29 00:00:00";35868;495,6
"2021-07-30 00:00:00";35131;722,57
"2021-07-31 00:00:00";36030;954,97
"2021-08-01 00:00:00";36804;1049,98
"2021-08-02 00:00:00";38445;544,73
"2021-08-03 00:00:00";45808;638,55
"2021-08-04 00:00:00";44773;926,49
"2021-08-05 00:00:00";48650;829,47
"2021-08-06 00:00:00";52657;866,1
"2021-08-07 00:00:00";49490;594,61
"2021-08-08 00:00:00";51517;632,15
"2021-08-09 00:00:00";58429;611,78
"2021-08-10 00:00:00";58943;612,3
"2021-08-11 00:00:00";60460;609,67
"2021-08-12 00:00:00";59578;552,25
"2021-08-13 00:00:00";57199;548,24
"2021-08-14 00:00:00";58421;633,99
"2021-08-15 00:00:00";62137;545,04
"2021-08-16 00:00:00";63664;469,2
"2021-08-17 00:00:00";63746;456,81
"2021-08-18 00:00:00";58819;563,08
"2021-08-19 00:00:00";58886;475,7
"2021-08-20 00:00:00";59055;810,4
"2021-08-21 00:00:00";61367;843,67
"2021-08-22 00:00:00";60382;976,03
"2021-08-23 00:00:00";60509;1987,91
"2021-08-24 00:00:00";65963;1397,06
"2021-08-25 00:00:00";65664;1203,43
"2021-08-26 00:00:00";68720;948,42
"2021-08-27 00:00:00";69043;1184,6
"2021-08-28 00:00:00";70109;2114,3
"2021-08-29 00:00:00";71662;2321,42
"2021-08-30 00:00:00";70748;1593,68
"2021-08-31 00:00:00";65770;1056,61
"2021-09-01 00:00:00";61582;1155,52
"2021-09-02 00:00:00";55908;1233,9
"2021-09-03 00:00:00";58013;1194,12
"2021-09-04 00:00:00";65981;923,95
"2021-09-05 00:00:00";65313;771,7
"2021-09-06 00:00:00";65524;758,9
"2021-09-07 00:00:00";62936;701,49
"2021-09-08 00:00:00";60329;633,5
"2021-09-09 00:00:00";65409;627,97
"2021-09-10 00:00:00";60450;543,71
"2021-09-11 00:00:00";60239;431,47
"2021-09-12 00:00:00";61589;442,32
"2021-09-13 00:00:00";56987;724,69
"2021-09-14 00:00:00";58589;634,88
"2021-09-15 00:00:00";63957;639,33
"2021-09-16 00:00:00";64623;896,92
"2021-09-17 00:00:00";60805;519,22
"2021-09-18 00:00:00";67899;542,72
"2021-09-19 00:00:00";64214;601,77
"2021-09-20 00:00:00";60894;463,38
"2021-09-21 00:00:00";61340;486,82
"2021-09-22 00:00:00";62321;416,99
"2021-09-23 00:00:00";83194;597,54
"2021-09-24 00:00:00";86284;489,77
"2021-09-25 00:00:00";79237;486,62
"2021-09-26 00:00:00";72103;563,25
"2021-09-27 00:00:00";73684;745,46
"2021-09-28 00:00:00";73721;813,7
"2021-09-29 00:00:00";75794;548,53
"2021-09-30 00:00:00";69203;727,35
"2021-10-01 00:00:00";76371;653,61
"2021-10-02 00:00:00";74621;651,91
"2021-10-03 00:00:00";75955;772,28
"2021-10-04 00:00:00";90374;834,4
"2021-10-05 00:00:00";85114;880,75
"2021-10-06 00:00:00";77845;779,57
"2021-10-07 00:00:00";77968;783,61
"2021-10-08 00:00:00";80891;701,76
"2021-10-09 00:00:00";73698;612,56
"2021-10-10 00:00:00";74197;605,09
"2021-10-11 00:00:00";73137;551,99
"2021-10-12 00:00:00";74157;564,7
"2021-10-13 00:00:00";77742;725,38
"2021-10-14 00:00:00";67037;729,19
"2021-10-15 00:00:00";69338;883,19
"2021-10-16 00:00:00";75534;651,49
"2021-10-17 00:00:00";75478;666,89
"2021-10-18 00:00:00";74937;701,7
"2021-10-19 00:00:00";67256;611,33
"2021-10-20 00:00:00";68815;554,04
"2021-10-21 00:00:00";72208;642,84
"2021-10-22 00:00:00";72939;650,78
"2021-10-23 00:00:00";73464;642,22
"2021-10-24 00:00:00";64673;610,11
"2021-10-25 00:00:00";67212;599,73
"2021-10-26 00:00:00";64182;553,13
"2021-10-27 00:00:00";64251;539,93
"2021-10-28 00:00:00";60531;681,35
"2021-10-29 00:00:00";63514;713,26
"2021-10-30 00:00:00";62627;617,47
"2021-10-31 00:00:00";66073;587,14
"2021-11-01 00:00:00";67046;580,95
"2021-11-02 00:00:00";78646;551,69
"2021-11-03 00:00:00";75762;573,02
"2021-11-04 00:00:00";103018;575,79
"2021-11-05 00:00:00";118220;463,09
"2021-11-06 00:00:00";99486;461,79
"2021-11-07 00:00:00";94414;535,63
"2021-11-08 00:00:00";88515;627,56
"2021-11-09 00:00:00";85854;491,11
"2021-11-10 00:00:00";102785;495,16
"2021-11-11 00:00:00";95683;481,06
"2021-11-12 00:00:00";88927;544,59
"2021-11-13 00:00:00";94516;806,12
"2021-11-14 00:00:00";90475;912,44
"2021-11-15 00:00:00";79334;1144,42
"2021-11-16 00:00:00";84052;1111,13
"2021-11-17 00:00:00";87720;869,04
"2021-11-18 00:00:00";100223;628,07
"2021-11-19 00:00:00";98320;598,11
"2021-11-20 00:00:00";94523;604,05
"2021-11-21 00:00:00";87741;694,56
"2021-11-22 00:00:00";95254;728,83
"2021-11-23 00:00:00";87344;580,6
"2021-11-24 00:00:00";89724;644,97
"2021-11-25 00:00:00";85633;678,32
"2021-11-26 00:00:00";79096;578,19
"2021-11-27 00:00:00";81238;576,77
"2021-11-28 00:00:00";83840;596,79
"2021-11-29 00:00:00";84055;728,59
"2021-11-30 00:00:00";83236;654,13
"2021-12-01 00:00:00";80756;660,65
"2021-12-02 00:00:00";82727;622,76
"2021-12-03 00:00:00";75274;698,07
"2021-12-04 00:00:00";77193;481,51
"2021-12-05 00:00:00";76043;584,48
"2021-12-06 00:00:00";69430;599,78
"2021-12-07 00:00:00";72373;637,5
"2021-12-08 00:00:00";84796;490,26
"2021-12-09 00:00:00";72260;1004,77
"2021-12-10 00:00:00";69242;777,12
"2021-12-11 00:00:00";77230;818,18
"2021-12-12 00:00:00";72065;718,57
"2021-12-13 00:00:00";71662;1259,49
"2021-12-14 00:00:00";73333;1163,63
"2021-12-15 00:00:00";73246;830,99
"2021-12-16 00:00:00";74383;932,97
"2021-12-17 00:00:00";69598;911,62
"2021-12-18 00:00:00";65261;777,63
"2021-12-19 00:00:00";61177;658,97
"2021-12-20 00:00:00";62221;627,39
"2021-12-21 00:00:00";60973;742,62
"2021-12-22 00:00:00";65181;725,63
"2021-12-23 00:00:00";70904;832,21
"2021-12-24 00:00:00";61698;1043,94
"2021-12-25 00:00:00";50778;897,87
"2021-12-26 00:00:00";64026;1044,29
"2021-12-27 00:00:00";67716;1252,19
"2021-12-28 00:00:00";72510;1027,26
"2021-12-29 00:00:00";65157;1121,9
"2021-12-30 00:00:00";74395;914,43
"2021-12-31 00:00:00";63525;1343,73
"2022-01-01 00:00:00";60926;1785,55
"2022-01-02 00:00:00";71114;2057,05
"2022-01-03 00:00:00";70426;1842,39
"2022-01-04 00:00:00";75832;1623,79
"2022-01-05 00:00:00";79889;1200,3
"2022-01-06 00:00:00";74005;1166,42
"2022-01-07 00:00:00";72719;998,35
"2022-01-08 00:00:00";74615;1103,43
"2022-01-09 00:00:00";81024;1282,27
"2022-01-10 00:00:00";62759;1183,65
"2022-01-11 00:00:00";71994;940,54
"2022-01-12 00:00:00";73040;1537,39
"2022-01-13 00:00:00";78049;1133,54
"2022-01-14 00:00:00";75254;1278,75
"2022-01-15 00:00:00";80032;1171,28
"2022-01-16 00:00:00";98898;974,01
"2022-01-17 00:00:00";90230;888,27
"2022-01-18 00:00:00";80773;1009,14
"2022-01-19 00:00:00";91893;1157,55
"2022-01-20 00:00:00";110724;1217,77
"2022-01-21 00:00:00";83603;1367,9
"2022-01-22 00:00:00";68115;1095,52
"2022-01-23 00:00:00";71245;1035,62
"2022-01-24 00:00:00";68049;938,56
"2022-01-25 00:00:00";78971;1703,32
"2022-01-26 00:00:00";77783;1767,07
"2022-01-27 00:00:00";75710;1630,59
"2022-01-28 00:00:00";76360;1350,59
"2022-01-29 00:00:00";75180;1313,04
"2022-01-30 00:00:00";78140;1644,43
"2022-01-31 00:00:00";78557;1966,06
"2022-02-01 00:00:00";84685;1753,26
"2022-02-02 00:00:00";86979;1301,52
"2022-02-03 00:00:00";81536;1264,07
"2022-02-04 00:00:00";80276;1247,84
"2022-02-05 00:00:00";63498;1248,32
"2022-02-06 00:00:00";66890;904,38
"2022-02-07 00:00:00";82513;1181,66
"2022-02-08 00:00:00";87439;836,63
"2022-02-09 00:00:00";90911;920,03
"2022-02-10 00:00:00";93339;981,37
"2022-02-11 00:00:00";82268;1120,45
"2022-02-12 00:00:00";78328;2348,06
"2022-02-13 00:00:00";70719;2174,39
"2022-02-14 00:00:00";62678;1071,76
"2022-02-15 00:00:00";64471;1192,39
"2022-02-16 00:00:00";59136;1216,95
"2022-02-17 00:00:00";59616;925,43
"2022-02-18 00:00:00";58162;1030,91
"2022-02-19 00:00:00";60891;735,96
"2022-02-20 00:00:00";56546;879,63
"2022-02-21 00:00:00";69904;982,91
"2022-02-22 00:00:00";70116;906,08
"2022-02-23 00:00:00";73353;1031,61
"2022-02-24 00:00:00";56122;1368,16
"2022-02-25 00:00:00";57096;1251,69
"2022-02-26 00:00:00";59025;950,38
"2022-02-27 00:00:00";52746;1246,05
"2022-02-28 00:00:00";50745;759,53
"2022-03-01 00:00:00";51712;674,38
"2022-03-02 00:00:00";55241;844,68
"2022-03-03 00:00:00";50599;883,57
"2022-03-04 00:00:00";53827;960,34
"2022-03-05 00:00:00";51326;767,14
"2022-03-06 00:00:00";43438;735,71
"2022-03-07 00:00:00";45268;840,39
"2022-03-08 00:00:00";40524;1041,6
"2022-03-09 00:00:00";43140;839,17
"2022-03-10 00:00:00";40146;896,35
"2022-03-11 00:00:00";40529;1371,79
"2022-03-12 00:00:00";39280;1395,52
"2022-03-13 00:00:00";38216;1099,87
"2022-03-14 00:00:00";37378;906,73
"2022-03-15 00:00:00";41122;947,89
"2022-03-16 00:00:00";36238;1627,81
"2022-03-17 00:00:00";37664;2919,85
"2022-03-18 00:00:00";36146;2573,18
"2022-03-19 00:00:00";35110;2641,25
"2022-03-20 00:00:00";35776;1702,79
"2022-03-21 00:00:00";34722;1504,9
"2022-03-22 00:00:00";33812;1257,97
"2022-03-23 00:00:00";36886;1422,89
"2022-03-24 00:00:00";37012;1732,19
"2022-03-25 00:00:00";37223;1368,82
"2022-03-26 00:00:00";29754;1767,32
"2022-03-27 00:00:00";33384;1505,41
"2022-03-28 00:00:00";35058;1156,75
"2022-03-29 00:00:00";32817;1389,12
"2022-03-30 00:00:00";26945;2541,76
"2022-03-31 00:00:00";25252;2894,9
"2022-04-01 00:00:00";23601;3514,31
"2022-04-02 00:00:00";28946;3730,87
"2022-04-03 00:00:00";33924;3517,61
"2022-04-04 00:00:00";32748;2643,54
"2022-04-05 00:00:00";30163;2498,54
"2022-04-06 00:00:00";50500;994,36
"2022-04-07 00:00:00";49530;1268,3
"2022-04-08 00:00:00";41059;1086,09
"2022-04-09 00:00:00";35713;1317,3
"2022-04-10 00:00:00";31938;1294,93
"2022-04-11 00:00:00";29461;1411,39
"2022-04-12 00:00:00";28802;1449,12
"2022-04-13 00:00:00";31907;1629,11
"2022-04-14 00:00:00";35153;1384,78
"2022-04-15 00:00:00";32201;1301,73
"2022-04-16 00:00:00";38746;4594,79
"2022-04-17 00:00:00";30082;3242,57
"2022-04-18 00:00:00";35475;2474,15
"2022-04-19 00:00:00";33738;2624,22
"2022-04-20 00:00:00";30263;2864,52
"2022-04-21 00:00:00";30692;2981,91
"2022-04-22 00:00:00";32510;2256,31
"2022-04-23 00:00:00";34760;1963,95
"2022-04-24 00:00:00";34891;2248,41
"2022-04-25 00:00:00";38119;2503
"2022-04-26 00:00:00";40277;1872,7
"2022-04-27 00:00:00";44191;1363,19
"2022-04-28 00:00:00";43475;1574,44
"2022-04-29 00:00:00";32810;2105,85
"2022-04-30 00:00:00";35980;1840,29
"2022-05-01 00:00:00";70017;6661,66
"2022-05-02 00:00:00";51346;2605,98
"2022-05-03 00:00:00";46185;1685,5
"2022-05-04 00:00:00";39350;2800,58
"2022-05-05 00:00:00";41962;3044,78
"2022-05-06 00:00:00";38970;2185,62
"2022-05-07 00:00:00";35832;1740,78
"2022-05-08 00:00:00";27807;1397,65
"2022-05-09 00:00:00";30779;2121,22
"2022-05-10 00:00:00";36243;2991,29
"2022-05-11 00:00:00";24305;2536,51
"2022-05-12 00:00:00";23407;2221,52
"2022-05-13 00:00:00";27430;2424,03
"2022-05-14 00:00:00";25118;2053,57
"2022-05-15 00:00:00";21620;1305,24
"2022-05-16 00:00:00";22466;1222,97
"2022-05-17 00:00:00";23206;1248,97
"2022-05-18 00:00:00";24290;1270,14
"2022-05-19 00:00:00";26026;1047,82
"2022-05-20 00:00:00";32260;991,12
"2022-05-21 00:00:00";33276;640,54
"2022-05-22 00:00:00";31094;823,79
"2022-05-23 00:00:00";24630;1074,64
"2022-05-24 00:00:00";21916;1040,42
"2022-05-25 00:00:00";30341;706,64
"2022-05-26 00:00:00";28857;1115,62
"2022-05-27 00:00:00";24996;1112
"2022-05-28 00:00:00";24351;856,32
"2022-05-29 00:00:00";21684;1049,84
"2022-05-30 00:00:00";19431;1308,98
"2022-05-31 00:00:00";23824;1394,39
"2022-06-01 00:00:00";21240;1595,69
"2022-06-02 00:00:00";24250;1142,9
"2022-06-03 00:00:00";32036;736,57
"2022-06-04 00:00:00";23835;1121,59
"2022-06-05 00:00:00";25723;828,15
"2022-06-06 00:00:00";25330;1150,39
"2022-06-07 00:00:00";27451;1122,04
"2022-06-08 00:00:00";25859;1321,24
"2022-06-09 00:00:00";21383;1348,26
"2022-06-10 00:00:00";20083;1422,68
"2022-06-11 00:00:00";18800;1515,56
"2022-06-12 00:00:00";18734;1493,94
"2022-06-13 00:00:00";20693;1687,36
"2022-06-14 00:00:00";23001;1462,45
"2022-06-15 00:00:00";21167;1258,89
"2022-06-16 00:00:00";19382;1361,95
"2022-06-17 00:00:00";19525;1180,29
"2022-06-18 00:00:00";24772;1165,59
"2022-06-19 00:00:00";20924;1522,42
"2022-06-20 00:00:00";20282;1437,23
"2022-06-21 00:00:00";18205;1489,99
"2022-06-22 00:00:00";19802;1338,24
"2022-06-23 00:00:00";22367;1005,7
"2022-06-24 00:00:00";22191;1197,26
"2022-06-25 00:00:00";22683;995,11
"2022-06-26 00:00:00";18571;1571,05
"2022-06-27 00:00:00";18210;1424,5
"2022-06-28 00:00:00";18873;1593,46
"2022-06-29 00:00:00";21147;871,02
"2022-06-30 00:00:00";21739;947,41
"2022-07-01 00:00:00";23214;843,26
"2022-07-02 00:00:00";23097;717,34
"2022-07-03 00:00:00";24765;654,17
"2022-07-04 00:00:00";27627;475,74
"2022-07-05 00:00:00";26539;569,46
"2022-07-06 00:00:00";26417;662,66
"2022-07-07 00:00:00";27805;777,64
"2022-07-08 00:00:00";25964;772,76
"2022-07-09 00:00:00";22648;959,54
"2022-07-10 00:00:00";18208;981,75